probability,under_influence,prediction,eye_velocity,velocity_stability,left_saccade_count,left_saccade_peak_velocity,left_fixation_stability,right_saccade_count,right_saccade_peak_velocity,right_fixation_stability
0.59,False,True,41.88753286988527,23.59945756851547,0.15333333333333332,74.68853657806842,0.0,0.66,124.12881933094454,0.0
0.5,False,False,43.93873584379482,23.148201066507152,0.26666666666666666,64.3520746109485,0.0,0.6933333333333334,131.28981253748177,0.0
0.74,True,True,46.33404574825975,24.574926064086114,0.24666666666666667,92.62808701383821,0.0,0.7066666666666667,159.62371052642365,0.0
0.71,True,True,46.65778520023068,24.590019096937795,0.2866666666666667,67.77746350109776,0.6134565797792346,0.72,131.4144498273834,0.0
0.41,False,False,42.745483922805164,23.152177377272825,0.21333333333333335,75.94829926962265,0.0,0.7466666666666667,137.54179730924065,0.0
0.61,True,True,46.880963311859134,26.428646564067897,0.26666666666666666,100.16031790599173,0.0,0.7666666666666667,175.11983840618115,0.0
0.54,False,True,42.2689781907648,23.002900359219236,0.18,88.51240660954484,0.0,0.6466666666666666,160.05820188770852,0.0
0.52,False,True,38.971634821136746,23.12731124086016,0.16,82.50690415943109,0.0,0.5533333333333333,116.67611096727413,0.0
0.67,True,True,44.634481700474694,23.89954732243575,0.16,73.73149819069117,0.0,0.6866666666666666,129.89251946993252,0.0
0.36,False,False,41.645719540822384,22.991918127062874,0.14,132.37176250898676,0.0,0.6866666666666666,126.49622903964695,0.0
0.7,True,True,47.56820589862574,25.423568668950637,0.32,94.94970937849409,0.0,0.7,146.16257798367383,0.0
0.55,False,True,46.88549385782475,24.81739541278651,0.3333333333333333,86.89496832639115,0.0,0.74,134.87131685036675,0.0
0.5,False,False,41.683549938344306,22.120546497923936,0.19333333333333333,79.47211794822175,0.0,0.7,122.11989336016262,0.0
0.74,True,True,44.233867087516415,26.19822603756812,0.25333333333333335,85.25033446277855,0.0,0.5866666666666667,165.80093019920608,0.0
0.5,False,False,43.68487432313931,23.27682342827802,0.22666666666666666,70.31685337675763,0.0,0.7,134.70884443299724,0.0
0.55,False,True,46.67142464399703,24.84384279264322,0.2733333333333333,98.86511934977408,0.0,0.8133333333333334,131.49401677598317,0.0
0.52,False,True,38.70711555753421,22.459809597590805,0.16666666666666666,78.710813096456,0.0,0.6733333333333333,134.6037813457808,0.0
0.7,True,True,45.01130628220086,25.529671538536434,0.17333333333333334,89.12106598554513,0.0,0.6933333333333334,147.16117282278702,0.0
0.71,True,True,44.920967321945625,24.606920061092353,0.3,84.06290720352234,0.0,0.6066666666666667,134.56491750779665,0.0
0.55,False,True,47.911183758276835,24.493597284388073,0.35333333333333333,76.68510886336104,0.0,0.7666666666666667,148.0661144595158,0.0
0.52,False,True,37.57875478249109,21.740960556417193,0.04,55.60529941287176,0.0,0.62,110.50570616875136,0.0
0.52,False,True,43.61665662940744,25.510545429946298,0.2866666666666667,75.52623662704187,0.0,0.7266666666666667,141.03911225845962,0.0
0.55,False,True,45.83953218664816,24.12112097117221,0.29333333333333333,76.23657737176505,0.0,0.7666666666666667,144.10904397749835,0.0
0.89,True,True,46.222776744372865,25.49987438828812,0.21333333333333335,70.69995909079928,0.6708177161867819,0.6866666666666666,203.72897164670115,0.0
0.52,False,True,43.25624332150904,22.52249759713834,0.18,77.70278774574851,0.0,0.7066666666666667,135.45692533711647,0.0
0.55,False,True,45.94546502115517,24.38352891406688,0.2733333333333333,104.13199855348581,0.0,0.7866666666666666,143.07265242635168,0.0
0.69,True,True,42.60080562732854,23.86178560444001,0.32666666666666666,83.30384824093196,0.0,0.5466666666666666,170.58478070814002,0.0
0.46,False,False,43.39502625900581,23.41428597860255,0.26666666666666666,67.63759529499525,0.0,0.7,131.71290749066765,0.0
0.71,True,True,45.43603416782622,24.1294533410626,0.29333333333333333,74.34297266570026,0.0,0.7066666666666667,144.90212888025334,0.0
0.52,False,True,40.29937544564433,22.688232961522843,0.16,64.75344866146196,0.0,0.5533333333333333,139.56856228234665,0.0
0.55,False,True,47.71177363424384,24.785060010537084,0.2866666666666667,75.39270490178035,0.0,0.7533333333333333,144.78658293174288,0.0
0.52,False,True,41.14201215485332,23.045827368890663,0.18666666666666668,71.8922716115536,0.0,0.66,141.76045823317955,0.0
0.52,False,True,41.61796150173684,22.56682751597512,0.14,65.96321452706043,0.0,0.64,144.06477935862588,0.0
0.41,False,False,42.28718033384883,21.862437623409747,0.21333333333333335,75.52945363904989,0.0,0.7466666666666667,114.65831652268832,0.0
0.55,False,True,43.070774542105134,23.8163597742531,0.12,71.4861917996521,0.0,0.7333333333333333,145.8116175818641,0.0
0.41,False,False,43.477796764770254,22.0133937827432,0.22,81.27622869523537,0.0,0.7666666666666667,138.0043762127201,0.0
0.41,False,False,42.12164035981056,22.680930569077603,0.22,76.64644576864713,0.0,0.7266666666666667,128.23530986169305,0.0
0.66,True,True,45.30461222262625,25.192041408590384,0.26,84.81814791750956,0.0,0.72,144.0416968811664,0.0
0.72,True,True,44.785767523453515,23.795571877053987,0.38,73.88600919687688,0.0,0.72,199.43789543575787,0.0
0.52,False,True,41.92435704470577,23.095719318089824,0.13333333333333333,73.12924699378947,0.0,0.62,123.10173541887295,0.0
0.39,False,False,44.68650868172105,22.980788270873628,0.23333333333333334,80.3382739988187,0.0,0.78,138.09194075720447,0.0
0.64,True,True,42.399995631734754,24.482473107992853,0.25333333333333335,92.58720728360979,0.0,0.62,131.14317644094402,0.0
0.78,True,True,41.27772432402202,23.73744616121965,0.05333333333333334,68.68695623606109,0.614296605734806,0.6533333333333333,164.38557629125532,0.0
0.47,False,False,43.005377441215884,22.871940161430246,0.24666666666666667,89.4564408861287,0.0,0.6333333333333333,116.9582641471634,0.0
0.55,False,True,45.280160477398596,24.80294312277773,0.28,80.42540897886235,0.0,0.7266666666666667,141.86252144670632,0.0
0.54,False,True,41.78688009703657,23.681541631300252,0.24666666666666667,86.77800092267913,0.0,0.66,125.26160012497509,0.0
0.56,False,True,42.607700888969276,23.488386272191832,0.22,79.10247950170702,0.0,0.6333333333333333,138.73287213636834,0.0
0.66,True,True,43.181715820529945,24.110459131765758,0.18,82.24462224555622,0.0,0.64,136.80611389026265,0.0
0.53,False,True,43.06584550595446,23.643440573148254,0.26,84.99785015107318,0.0,0.6466666666666666,115.82948014318504,0.0
0.52,False,True,39.654787051568675,21.315109767894736,0.16666666666666666,100.79130020059003,0.0,0.6666666666666666,123.81099551097252,0.0
0.55,False,True,46.678069108677434,24.405096398800648,0.24666666666666667,71.21650487973089,0.0,0.7533333333333333,129.40767541158712,0.0
0.68,True,True,44.37775670914178,24.828978796309038,0.24666666666666667,77.80174722373086,0.0,0.7,124.69043510109931,0.0
0.63,True,True,43.26978468438942,24.04331862522332,0.25333333333333335,82.34906044769761,0.0,0.7,146.88672190492562,0.0
0.52,False,True,42.66910064718118,20.9088082087475,0.22666666666666666,70.69203617182032,0.0,0.6866666666666666,132.19384437206133,0.0
0.7,True,True,47.079148192296344,24.945185299375325,0.24,81.99298742471353,0.0,0.7133333333333334,138.31443527562118,0.0
0.64,True,True,44.17042491448545,24.077000543214155,0.23333333333333334,87.80796268481956,0.0,0.68,129.74896904632163,0.0
0.42,False,False,48.5151812772992,22.727991876929313,0.32666666666666666,84.79830885294997,0.0,0.8266666666666667,140.3384673210876,0.0
0.57,False,True,44.575841998827045,24.03289603682272,0.43333333333333335,104.981628662111,0.0,0.5866666666666667,123.65928114962816,0.0
0.44,False,False,44.91845756743372,23.317678275752844,0.19333333333333333,82.28875622617016,0.0,0.7266666666666667,134.03574306860577,0.0
0.42,False,False,45.44981428922874,21.973936301061492,0.36666666666666664,80.50592416692268,0.0,0.8066666666666666,115.30074761589512,0.0
0.57,False,True,46.983791199044646,24.94280217859424,0.32,90.63441880747469,0.0,0.78,160.24267181610625,0.0
0.51,False,True,42.95305361182447,24.983958741634318,0.17333333333333334,108.20632290301528,0.36362094134900347,0.68,158.10109648879742,0.0
0.47,False,False,43.03356818023348,22.536678753922114,0.26666666666666666,75.36166873759977,0.0,0.6733333333333333,148.7356145690093,0.0
0.47,False,False,41.8224344729276,21.51765796870865,0.26,63.02581736963302,0.0,0.68,128.77188585798973,0.0
0.44,False,False,44.46367653154992,23.62683912709183,0.31333333333333335,85.41775442515387,0.0,0.7533333333333333,143.93492611494557,0.0
0.72,True,True,43.897584602322596,25.196584556503005,0.19333333333333333,98.24670823678005,0.0,0.6333333333333333,164.1170560932397,0.0
0.38,False,False,43.46298422715246,23.381378663535607,0.2733333333333333,102.92103788002414,0.591514646823164,0.7533333333333333,123.73372599905893,0.0
0.5,False,False,45.71601273505646,26.337059802217652,0.18666666666666668,108.5106943620271,0.0,0.7333333333333333,201.46572908476023,0.0
0.55,False,True,48.8323698042426,24.34321458544691,0.32,91.47476446299441,0.0,0.8933333333333333,145.2226450472156,0.0
0.78,True,True,49.66849225458453,28.33408103008871,0.2733333333333333,90.56991888406162,0.0,0.7,196.91991819311235,0.0
0.71,True,True,44.28900835812413,24.495150137691027,0.36666666666666664,86.97300038382446,0.0,0.66,130.8760881122297,0.0
0.62,True,True,45.498745708432494,26.155285490615796,0.16,86.12775907597663,0.5791088555292683,0.7533333333333333,150.74265368630827,0.0
0.51,False,True,47.580014120689576,24.53140429552983,0.24,89.59140836873837,0.0,0.8066666666666666,156.76912508110053,0.0
0.47,False,False,41.43795742283531,21.430142004681628,0.26666666666666666,87.08938763944877,0.0,0.6533333333333333,132.21656761169967,0.0
0.73,True,True,44.0753324557644,24.87672273047338,0.22,75.36667479675933,0.0,0.72,159.04459932284652,0.0
0.71,True,True,47.12472473602796,26.190618459430603,0.2733333333333333,97.88500178996897,0.0,0.68,151.06215624092852,0.0
0.44,False,False,43.114861059173286,24.21833975742993,0.25333333333333335,114.26223251060831,0.0,0.64,129.29778283995466,0.0
0.69,True,True,45.09508945511578,23.82681198381281,0.28,82.6815951278197,0.0,0.6933333333333334,152.1097531319582,0.0
0.5,False,False,41.340062223348184,22.318733962190727,0.2,68.29025711220541,0.0,0.7,154.3256236339314,0.0
0.54,False,True,45.46359512231412,23.691363040187248,0.32666666666666666,70.58082686373452,0.0,0.74,172.78029092740087,0.0
0.48,False,False,45.53840665596112,23.50976423066181,0.18,76.43599203054407,0.0,0.7533333333333333,146.9399992501538,0.0
0.55,False,True,46.35731296773311,25.913410006141987,0.2866666666666667,88.14834908979357,0.0,0.7266666666666667,134.75523282832947,0.0
0.69,True,True,45.39362847899552,25.058597005964558,0.19333333333333333,78.4039933728623,0.0,0.7,141.03410180748253,0.0
0.64,True,True,46.92402515190942,27.225301803044587,0.19333333333333333,87.06539266772475,0.0,0.7733333333333333,218.65691674591852,0.0
0.5,False,False,42.26123902331424,21.86201123035149,0.3,73.66848314003117,0.0,0.6533333333333333,166.91083859270228,0.0
0.55,False,True,43.27409083473377,24.40468745947326,0.18,81.20837700229517,0.0,0.7266666666666667,137.27441388499204,0.0
0.61,True,True,43.51617069437771,23.67701373147669,0.15333333333333332,69.6846097980183,0.0,0.72,144.4005654036668,0.0
0.62,True,True,45.053206705753766,24.446915223946657,0.21333333333333335,71.1321567614452,0.555670017050961,0.7266666666666667,147.29568592620174,0.0
0.46,False,False,42.81170701979882,22.204269726073917,0.23333333333333334,67.83012675133794,0.0,0.6866666666666666,127.78088169150831,0.0
0.66,True,True,43.58226481799015,24.447547850759015,0.2,82.31882003793368,0.0,0.6333333333333333,135.66464902768507,0.0
0.53,False,True,43.44311534040343,23.064612251607045,0.23333333333333334,88.37535704523755,0.6204617265186523,0.6866666666666666,132.2057137349701,0.0
0.66,True,True,43.53022184311153,24.132183507170474,0.2,77.57054301275161,0.0,0.6533333333333333,134.09452965227962,0.0
0.7,True,True,48.15528251876728,25.408583950139658,0.3466666666666667,80.21457177074227,0.0,0.7,151.7454579927514,0.0
0.47,False,False,43.67990113527395,23.139663377406077,0.28,84.25891908208501,0.0,0.6866666666666666,128.78205131727498,0.0
0.66,True,True,42.03860117579433,24.187497415943337,0.19333333333333333,72.42554436180866,0.0,0.52,132.85799117848245,0.0
0.61,True,True,46.39490686946819,26.09995361649916,0.21333333333333335,103.59837973698603,0.8632658487339092,0.7933333333333333,135.017685661927,0.0
0.43,False,False,44.011650722930526,21.340323320078376,0.22666666666666666,78.73513381477426,0.0,0.7733333333333333,120.07917147152642,0.0
0.78,True,True,46.710913591742866,25.698230989618104,0.22,88.013241230628,0.0,0.72,166.51350943393913,0.0
0.64,True,True,43.52706295328767,24.017069280528062,0.2866666666666667,95.15937023310562,0.0,0.6666666666666666,128.4592930470353,0.0
0.7,True,True,45.192727671537284,24.47161274066761,0.2866666666666667,76.70072683667168,0.0,0.7,136.87069113405127,0.0
0.55,False,True,42.553992111503305,24.34949628182394,0.17333333333333334,89.05476177700913,0.0,0.7666666666666667,132.6205802816732,0.0
0.6,True,True,44.08943153307687,24.599999819989364,0.2,109.21906191747594,0.0,0.7133333333333334,126.79448652431483,0.0
0.63,True,True,42.5001568087324,23.88198048432997,0.20666666666666667,87.20894763405676,0.7243966651071304,0.7333333333333333,138.84286006621375,0.0
0.47,False,False,40.59378619552875,22.188015626028935,0.28,73.49637770817345,0.0,0.5266666666666666,110.23688211926613,0.0
0.54,False,True,42.62423529129465,23.40618885792229,0.10666666666666667,73.49100730319739,0.629292254925264,0.7733333333333333,158.8297331632338,0.0
0.71,True,True,46.749830821891535,26.768204011730933,0.24666666666666667,89.21172443195574,0.0,0.7066666666666667,145.74046182907034,0.0
0.47,False,False,43.12633111642521,23.407534687079814,0.26666666666666666,78.17674594311264,0.0,0.64,106.93288603742052,0.0
0.52,False,True,42.23895411156681,22.548349629343406,0.22666666666666666,88.25773736039076,0.0,0.5933333333333334,120.76552247893103,0.0
0.75,True,True,43.23133056695106,23.94041357343641,0.24,89.725744906966,0.6235186349659241,0.72,166.03251849339685,0.0
0.6,True,True,45.0144569088595,22.832198613292952,0.2733333333333333,81.50999490841212,0.0,0.6733333333333333,118.37266349193087,0.0
0.55,False,True,43.232635885433304,22.00170421686517,0.2,72.00814488011845,0.0,0.7133333333333334,128.4008342108715,0.0
0.41,False,False,42.6611652685649,22.686040534315666,0.18666666666666668,86.40127750848625,0.0,0.7266666666666667,134.90114907065725,0.0
0.42,False,False,45.00796349123445,23.04739455229506,0.31333333333333335,76.86303730942998,0.0,0.7666666666666667,139.41674373460555,0.0
0.52,False,True,42.93402945399471,22.158346670376922,0.22666666666666666,78.81951090131005,0.0,0.6066666666666667,136.3951140782418,0.0
0.68,True,True,44.25668552998829,24.59800905231083,0.24,67.95941930514849,0.0,0.66,125.97800008667818,0.0
0.71,True,True,50.06092840121674,26.452116111090266,0.38666666666666666,89.68000364265642,0.0,0.6866666666666666,150.26023856857694,0.0
0.58,False,True,46.610307075471866,24.21496556711316,0.25333333333333335,77.24873112596785,0.0,0.7466666666666667,163.38836274796338,0.0
0.69,True,True,44.04289117659318,25.02077961178752,0.22,94.38865541116483,0.0,0.7066666666666667,157.51027368917678,0.0
0.71,True,True,43.02639873354172,25.047411228344384,0.24,77.51988886734462,0.7357630328062499,0.62,131.40882094022976,0.0
0.47,False,False,48.9013509757081,25.46348800759823,0.38666666666666666,104.81097155046288,0.0,0.76,148.84268943366072,0.0
0.65,True,True,41.6947920349818,23.814449321114644,0.18666666666666668,83.79508780708345,0.0,0.6866666666666666,136.1587382231591,0.0
0.71,True,True,44.84368234669661,26.14936880197472,0.30666666666666664,83.5883534847998,0.0,0.6933333333333334,147.60979833700003,0.0
0.41,False,False,42.951289159653264,22.014772861751982,0.2,70.45316613016726,0.0,0.7466666666666667,128.34416990406316,0.0
0.47,False,False,42.60386082235798,23.215110175639165,0.3,82.31470222869505,0.0,0.6733333333333333,151.2533123163169,0.0
0.71,True,True,46.28550246533798,23.75845828801012,0.35333333333333333,92.43652963203188,0.0,0.7133333333333334,135.36632170092562,0.0
0.44,False,False,44.95753106745613,23.260853245907224,0.18666666666666668,71.7584514964452,0.0,0.7266666666666667,143.17857575843067,0.0
0.56,False,True,44.71315281433462,23.815294932901402,0.17333333333333334,72.54308648785627,0.0,0.76,141.3886498002086,0.0
0.57,False,True,45.90783307681575,24.500684032337652,0.21333333333333335,88.71188063527056,0.0,0.7266666666666667,128.573258185322,0.0
0.45,False,False,48.37285039017269,23.675255988139057,0.23333333333333334,80.88350859537546,0.0,0.8533333333333334,142.2133550237309,0.0
0.52,False,True,42.09732051768461,22.226645498217554,0.19333333333333333,88.10187666504304,0.0,0.6533333333333333,137.91777759212852,0.0
0.63,True,True,44.162375416279495,24.363788632408294,0.24,87.80083876364746,0.0,0.66,121.32904041724163,0.0
0.6,True,True,45.8538646977414,23.059179549871573,0.3466666666666667,78.67169080588691,0.0,0.7066666666666667,132.89090276439555,0.0
0.52,False,True,41.701194138760954,22.015515406183837,0.2,75.35924593985204,0.0,0.6533333333333333,138.3901154031028,0.0
0.64,True,True,42.983289726278564,23.300872846494798,0.12666666666666668,70.47884517566675,0.7133107088779611,0.7133333333333334,133.38179058066703,0.0
0.52,False,True,43.09196705968209,23.259079111022213,0.2,68.7193726564782,0.0,0.66,138.0657880233362,0.0
0.51,False,True,46.73311399165455,25.675293322243753,0.24,77.25775428780102,0.0,0.7733333333333333,145.55801513576392,0.0
0.7,True,True,45.766947089439896,25.37637136629067,0.19333333333333333,94.30326563041763,0.0,0.6333333333333333,151.66271602652571,0.0
0.5,False,False,45.15554597747393,23.87127609505888,0.24,92.2571460470155,0.0,0.7333333333333333,128.88602160901883,0.0
0.39,False,False,44.62948679763084,21.924435688233434,0.26666666666666666,77.47512648462742,0.0,0.7933333333333333,121.2584072875706,0.0
0.39,False,False,44.84064988654732,22.628490089674493,0.23333333333333334,86.96593625526229,0.0,0.74,122.11157804891555,0.0
0.56,False,True,42.81295604895827,23.54958901892289,0.22666666666666666,79.4774644278649,0.0,0.6,120.38473600745587,0.0
0.71,True,True,41.81217787317259,24.14330123894135,0.22,82.56304976959865,0.5598508010875769,0.6466666666666666,130.75700325699847,0.0
0.51,False,True,46.2810248427239,24.390627602591206,0.23333333333333334,70.96283247562474,0.0,0.7333333333333333,128.72693000200067,0.0
0.55,False,True,43.58403582308294,23.656830631493364,0.21333333333333335,91.14763176847896,0.0,0.7266666666666667,165.2216440225892,0.0
0.47,False,False,45.02797014500902,23.689997287467314,0.24666666666666667,77.17438711361667,0.0,0.7733333333333333,130.49795454507384,0.0
0.68,True,True,44.5977548978662,23.997629693252645,0.21333333333333335,70.37304104603221,0.0,0.7,114.3445245891305,0.0
0.41,False,False,43.56335282615593,22.751198889832303,0.12,67.11034419924772,0.0,0.74,119.59883564479449,0.0
0.71,True,True,44.26321967644482,25.00496026165024,0.31333333333333335,74.41303843959795,0.0,0.6466666666666666,131.33968799984325,0.0
0.7,True,True,46.16432596349061,24.44065401630578,0.3,94.58110549096686,0.0,0.7,145.07855461116955,0.0
0.42,False,False,45.03728194846434,22.159918859396655,0.3,81.1163045201783,0.0,0.7266666666666667,130.72615374679012,0.0
0.47,False,False,41.075701807491015,23.248732002258542,0.31333333333333335,87.04961107998275,0.0,0.4866666666666667,149.65396974225416,0.0
0.71,True,True,44.69125137014038,25.06603407964652,0.29333333333333333,93.72794982189315,0.0,0.6933333333333334,149.17387297012476,0.0
0.71,True,True,46.640001302508715,25.252711610039654,0.2733333333333333,91.0599051133793,0.0,0.6666666666666666,145.1465883410774,0.0
0.71,True,True,44.87627399983684,24.215962909750584,0.34,88.07009282184973,0.0,0.66,119.53812983950323,0.0
0.55,False,True,47.392093592002226,25.773921869432733,0.31333333333333335,89.8610766048973,0.0,0.7466666666666667,151.19232911777664,0.0
0.71,True,True,43.79938793227083,24.597439330311943,0.26,83.32075411580037,0.6684884030094442,0.6466666666666666,136.8735243529166,0.0
0.5,False,False,42.51387556538967,22.693120977447997,0.2,84.17557959584158,0.0,0.7,120.71538576546894,0.0
0.61,True,True,43.09765745581666,23.755918127428924,0.28,83.28172514466024,0.0,0.62,132.3414479717115,0.0
0.39,False,False,44.682274429943156,22.28543993847441,0.31333333333333335,87.27497659965242,0.0,0.78,126.5389199454412,0.0
0.76,True,True,44.5522521770692,24.523694697589235,0.2733333333333333,86.76643306934079,0.0,0.68,164.7462949835781,0.0
0.3,False,False,42.8943223262216,21.40320461298317,0.24,60.27011584225485,0.0,0.7533333333333333,138.08176141226704,0.0
0.7,True,True,45.37286554319667,24.973028880938962,0.15333333333333332,80.05879058425349,0.0,0.6466666666666666,147.95994253897365,0.0
0.55,False,True,48.532637238862065,24.74312141617764,0.32,91.06904158147056,0.0,0.8266666666666667,151.59290840254187,0.0
0.52,False,True,42.57518995185893,22.428789031047447,0.18,95.67346814337914,0.0,0.72,122.17549882112723,0.0
0.58,False,True,44.54139731094617,22.515894327699883,0.25333333333333335,74.52982594392861,0.0,0.6933333333333334,142.35470748543193,0.0
0.43,False,False,46.07999392179403,23.709186802844172,0.24,93.95782560905259,0.0,0.78,151.2734423119184,0.0
0.52,False,True,42.13380019635163,21.806157509420565,0.21333333333333335,99.78972313488518,0.0,0.6933333333333334,118.7043638352067,0.0
0.42,False,False,45.87290225609779,22.952104236471342,0.25333333333333335,79.67258303826763,0.0,0.7733333333333333,129.93618393053484,0.0
0.55,False,True,45.04477175362625,24.013892421453757,0.32,98.46213428494308,0.0,0.8133333333333334,137.65019315729867,0.0
0.71,True,True,46.677074945788206,24.401958104993156,0.42,94.85434735818282,0.0,0.6666666666666666,151.0152668494565,0.0
0.57,False,True,44.27059941437443,23.49591204314265,0.3333333333333333,81.80186287900412,0.0,0.6466666666666666,135.83409893680894,0.0
0.52,False,True,41.26312562755736,22.34928780211758,0.15333333333333332,68.38759936761178,0.0,0.6666666666666666,126.23857911840194,0.0
0.48,False,False,44.17995666152076,23.12403666112128,0.25333333333333335,85.47458590996601,0.0,0.6866666666666666,144.44934087704934,0.0
0.34,False,False,44.19309131556474,23.143323776576707,0.32666666666666666,77.03222095904327,0.0,0.7333333333333333,133.99502486065813,0.0
0.61,True,True,42.3246747067183,22.545368311205326,0.16666666666666666,90.089686995961,0.7098652145084665,0.64,128.41489885664444,0.0
0.52,False,True,44.5822309340155,23.854572971360465,0.29333333333333333,95.32541056108231,0.0,0.7266666666666667,145.67029405981674,0.0
0.46,False,False,43.21807326707922,23.43403035202368,0.23333333333333334,81.06466315166065,0.0,0.6733333333333333,130.46588001813177,0.0
0.74,True,True,45.81290471910026,24.697300157772265,0.25333333333333335,78.49600863728362,0.0,0.6866666666666666,160.83518893917628,0.0
0.69,True,True,43.87402431517061,23.946062999544203,0.32,78.79347005132607,0.0,0.7,164.42164817788134,0.0
0.7,True,True,45.768051599650775,25.12791792138554,0.2733333333333333,93.32451647711036,0.0,0.7,156.5772478228926,0.0
0.52,False,True,42.191170723483296,23.0111292927102,0.18,70.99676839544438,0.0,0.66,132.80901361239307,0.0
0.5,False,False,42.55752694093485,21.38339261572719,0.15333333333333332,73.22054763387308,0.0,0.7,122.60105642491877,0.0
0.71,True,True,45.535818904185746,26.26264875911904,0.32666666666666666,74.71674258221685,0.0,0.68,137.46038410538875,0.0
0.62,True,True,43.60874719109712,23.74399327267809,0.14666666666666667,100.92689094382352,0.0,0.7,129.40059738428107,0.0
0.56,False,True,42.592975220729286,23.566816637964195,0.22,73.16451155419475,0.0,0.7066666666666667,135.83996474435648,0.0
0.66,True,True,42.27316265014305,23.192040137663746,0.22,80.77926773313546,0.8584612057443485,0.7133333333333334,148.96293107284714,0.0
0.5,False,False,44.00455879787889,23.940897649182347,0.23333333333333334,75.83794012939678,0.0,0.7266666666666667,137.34623165036842,0.0
0.65,True,True,43.2984889781404,23.84404485324803,0.18,73.52384223098129,0.0,0.72,141.65050284570765,0.0
0.55,False,True,45.89662746171468,25.285109468499744,0.2733333333333333,83.56599890916085,0.0,0.7466666666666667,127.3462005724085,0.0
0.64,True,True,42.50682707449782,23.748669452869994,0.13333333333333333,89.3548643779288,0.0,0.6133333333333333,124.65893815592493,0.0
0.47,False,False,43.23623128644771,23.12110601476556,0.24666666666666667,91.23495073914606,0.0,0.66,150.41928515884177,0.0
0.54,False,True,46.44376617181587,23.899429479521086,0.29333333333333333,103.58433037944974,0.0,0.7733333333333333,130.4761365005132,0.0
0.57,False,True,44.711240994210385,24.083800280312595,0.22,75.73871996834909,0.0,0.7666666666666667,145.85911325796442,0.0
0.63,True,True,43.68657092565127,24.069969701958073,0.24,72.14096939256919,0.0,0.7066666666666667,160.33910211724947,0.0
0.76,True,True,43.814560028438635,24.160721717657466,0.17333333333333334,70.35271903171405,0.6046755136568958,0.7066666666666667,128.4854334041659,0.0
0.44,False,False,48.57280874837368,23.395041334162563,0.21333333333333335,90.40087863903968,0.0,0.7733333333333333,149.8384880310051,0.0
0.61,True,True,44.56453033446278,25.411290070061575,0.20666666666666667,90.27189977974925,0.6544539684743915,0.78,148.85803906513644,0.0
0.51,False,True,46.408063203441685,24.789032253095755,0.24,79.46885457389439,0.0,0.8133333333333334,140.7817841909346,0.0
0.54,False,True,46.27849608733877,23.85932884796143,0.3,96.3473026412135,0.0,0.7666666666666667,145.26362266560497,0.0
0.58,False,True,41.836779312425804,23.576571354561914,0.11333333333333333,72.94224960113229,0.0,0.64,138.56242561695274,0.0
0.52,False,True,41.981447674068555,21.859534741146298,0.17333333333333334,72.81168858444845,0.0,0.7066666666666667,116.02928745270528,0.0
0.71,True,True,45.498140573458365,26.85491393670401,0.30666666666666664,69.98508582745738,0.0,0.6866666666666666,133.5063770093862,0.0
0.6,True,True,46.02183987177992,23.08942293212057,0.29333333333333333,77.05975401476697,0.0,0.66,122.10124924651168,0.0
0.33,False,False,44.86669900780065,22.741520044241682,0.32,105.91714315639703,0.0,0.7933333333333333,120.9851361112321,0.0
0.45,False,False,44.79642438250852,22.645611459278143,0.26,70.23668520755946,0.0,0.8133333333333334,169.53665986998223,0.0
0.78,True,True,41.198623125583524,23.947593884089017,0.14666666666666667,58.87396853763644,0.634803013213427,0.6266666666666667,159.6560671857829,0.0
0.76,True,True,45.95857999958584,24.1134545891114,0.21333333333333335,88.0326449348512,0.7171036111669473,0.68,124.02528905085701,0.0
0.69,True,True,45.104782550923694,24.817112277126,0.22,78.17792032243268,0.0,0.72,145.91069919328376,0.0
0.57,False,True,46.91950522695183,24.536014209668387,0.22666666666666666,77.34416153070363,0.0,0.82,149.02455384747745,0.0
0.52,False,True,42.93448881441143,22.18540262008525,0.20666666666666667,87.98201735630113,0.0,0.7066666666666667,121.54761946317942,0.0
0.37,False,False,44.32052166468337,23.135571391114965,0.34,85.05257582865102,0.0,0.7266666666666667,132.4643163954733,0.0
0.66,True,True,42.32251734604433,24.30127301021188,0.22,77.73507142527058,0.0,0.5266666666666666,141.6617425927883,0.0
0.41,False,False,42.14648166276154,21.367944168577395,0.15333333333333332,77.30812484622155,0.0,0.7333333333333333,126.59576023273301,0.0
0.55,False,True,48.2102707905439,25.146432453826925,0.3333333333333333,98.56388015224111,0.0,0.74,146.02716315764823,0.0
0.37,False,False,45.05309265479923,23.38354481189559,0.24,83.6019721319101,0.0,0.76,132.48498197357208,0.0
0.69,True,True,44.59352413808962,24.429681789110948,0.16666666666666666,79.697010317769,0.0,0.68,141.14178810253304,0.0
0.61,True,True,41.5599207086326,23.294192056909935,0.15333333333333332,103.81238551320037,0.6719092884049287,0.6866666666666666,140.54297852325817,0.0
0.61,True,True,45.215381033369184,24.78735655623918,0.2733333333333333,72.16408142400991,0.0,0.7466666666666667,201.58825494646226,0.0
0.61,True,True,45.00562983153237,25.523128709748327,0.16666666666666666,88.67575953109511,0.7405914252453489,0.78,141.89150848530258,0.0
0.48,False,False,45.1691649797241,23.542829266473255,0.22,77.00069859719876,0.0,0.8,132.3618206669116,0.0
0.3,False,False,42.77850174198817,22.5584552783304,0.24,81.41012670793187,0.0,0.7266666666666667,134.2817678201188,0.0
0.59,False,True,44.483349079870536,24.429384843764645,0.22666666666666666,74.84235479534372,0.3489925074218426,0.74,159.5031757172961,0.0
0.52,False,True,41.26868515754547,23.278669810701796,0.12666666666666668,77.25642822551956,0.0,0.5866666666666667,144.87704581584347,0.0
0.7,True,True,45.2296019695032,25.552680534271822,0.18666666666666668,86.19263414058507,0.0,0.6933333333333334,151.19259239657893,0.0
0.41,False,False,42.590777091418474,21.484303049096418,0.14666666666666667,68.61786858534786,0.0,0.7333333333333333,110.26292350868415,0.0
0.41,False,False,43.292238855387616,22.299767354495383,0.14,73.61828014130484,0.0,0.7533333333333333,124.57536965725934,0.0
0.69,True,True,44.64972140561892,24.108105730029617,0.26,90.43183823044605,0.0,0.7066666666666667,141.8022670946655,0.0
0.67,True,True,45.14513811082243,25.321064176590447,0.23333333333333334,96.87350791504969,0.0,0.6733333333333333,137.4305327512744,0.0
0.39,False,False,44.55113300313724,22.1876262481413,0.30666666666666664,101.77500241723124,0.0,0.78,139.37159691825698,0.0
0.55,False,True,47.525263120210624,24.92566914926652,0.28,91.37716748445386,0.0,0.8066666666666666,141.32953291729618,0.0
0.47,False,False,42.37929490747327,22.555692100862643,0.26,68.32856464773204,0.0,0.6533333333333333,128.18729767645934,0.0
0.71,True,True,45.66333120845844,25.25046769789011,0.25333333333333335,74.68366716311489,0.0,0.6333333333333333,146.2926280973325,0.0
0.53,False,True,44.60974088502114,24.642838712212153,0.24666666666666667,100.88099250203746,0.0,0.76,138.61522499220297,0.0
0.71,True,True,43.505508564704485,24.82072201948121,0.16,87.63719285800937,0.0,0.7133333333333334,140.7298440433177,0.0
0.71,True,True,45.421266881506945,25.716565770750666,0.32,86.07820899933921,0.0,0.66,152.72149382282157,0.0
0.51,False,True,44.09366311131029,23.57063664397242,0.22666666666666666,82.72024098395013,0.0,0.7333333333333333,160.26518889423284,0.0
0.54,False,True,45.64995541575871,23.7470265501549,0.22,101.281916443516,0.0,0.7666666666666667,124.3239863231332,0.0
0.72,True,True,44.26868619499791,24.406178794697794,0.18,82.35602970123041,0.0,0.6333333333333333,124.74957376471511,0.0
0.71,True,True,44.885518724037034,23.75333409471765,0.38,81.45247488024133,0.0,0.7133333333333334,127.83269196093286,0.0
0.52,False,True,42.45944904003908,22.686191338480796,0.16,97.41369920671097,0.0,0.6666666666666666,136.5901306065653,0.0
0.61,True,True,42.8885201671297,24.790030173020956,0.24,77.59718788895623,0.0,0.6333333333333333,130.58978988641553,0.0
0.72,True,True,42.1802580644198,23.62760433055501,0.19333333333333333,68.25688714434003,0.0,0.7133333333333334,199.95556929948643,0.0
0.48,False,False,46.590322100257694,25.57406238448234,0.20666666666666667,105.52576169946101,0.0,0.7933333333333333,136.2724410990715,0.0
0.72,True,True,44.30724251180623,24.673690300266273,0.14,71.35992369345819,0.0,0.6466666666666666,146.73990966791658,0.0
0.4,False,False,44.45893207254642,21.23026934867925,0.18666666666666668,66.75525748564208,0.0,0.7933333333333333,132.74543147874505,0.0
0.61,True,True,42.622293150444165,23.826154298092916,0.23333333333333334,82.1872956716201,0.0,0.6266666666666667,137.54601748150202,0.0
0.55,False,True,46.01631658742657,24.04795695535855,0.32666666666666666,99.76457396548531,0.0,0.7533333333333333,154.31749827533204,0.0
0.69,True,True,43.968110504879256,24.362936103661145,0.18,84.56562774302527,0.0,0.62,145.71600446057138,0.0
0.54,False,True,43.845157051651825,22.527589258301063,0.20666666666666667,72.46406671666362,0.0,0.6866666666666666,128.61306311240156,0.0
0.42,False,False,45.596144785776346,21.464755331450576,0.38666666666666666,81.06437401522153,0.0,0.8,116.18960480986651,0.0
0.44,False,False,44.35464510455675,22.869844093010382,0.18666666666666668,76.50969138923453,0.0,0.76,142.7646085068077,0.0
0.41,False,False,41.83360118366386,22.19456910148453,0.16,66.06227111059022,0.0,0.7866666666666666,129.72014087782864,0.0
0.52,False,True,42.45952843052783,23.40797072482705,0.12,75.12719104869265,0.0,0.7066666666666667,135.7706482042855,0.0
0.57,False,True,45.35834047663238,22.179477422741446,0.22666666666666666,84.68793103394711,0.0,0.72,129.82517427295508,0.0
0.71,True,True,44.26787617579001,26.956621955469828,0.25333333333333335,83.55302485317749,0.0,0.6866666666666666,128.47192373539232,0.0
0.44,False,False,46.12579081216484,22.230858242952003,0.22666666666666666,88.83192742028807,0.0,0.7933333333333333,120.93076091906063,0.0
0.44,False,False,44.889773992406006,22.68148003495255,0.22666666666666666,79.30498392414627,0.0,0.7266666666666667,117.97754346830354,0.0
0.63,True,True,41.40717623319372,22.599556405575246,0.2,80.70444526952068,0.7385306791986892,0.6666666666666666,120.17349458213992,0.0
0.71,True,True,45.32986943060588,24.890685046077913,0.2866666666666667,77.82524413541393,0.0,0.6533333333333333,138.5772146348336,0.0
0.74,True,True,42.9685567108307,23.769171112227333,0.16666666666666666,90.18327745718547,0.8244828853633773,0.7,154.0220004828742,0.0
0.61,True,True,44.3405072527218,23.49739547532603,0.22,75.79099993702624,0.0,0.68,139.19142384525378,0.0
0.61,True,True,46.235515747807426,23.943676731875748,0.38666666666666666,90.39168377412344,0.0,0.7733333333333333,167.8120687574821,0.0
0.66,True,True,43.11257619708707,26.233544836578062,0.20666666666666667,94.34102649439663,0.0,0.5866666666666667,155.5190871967264,0.0
0.46,False,False,43.9116641525752,22.82102071008275,0.15333333333333332,88.52105060582007,0.0,0.82,168.5119105246191,0.0
0.55,False,True,52.14237201612746,28.104042983401747,0.3333333333333333,78.70109617671787,0.0,0.7466666666666667,151.26903446076162,0.0
0.65,True,True,42.77046680605126,24.557944332092976,0.2866666666666667,82.13317139407397,0.5323649400371933,0.7,142.12702586638827,0.0
0.55,False,True,45.647304053871196,24.39497298320834,0.30666666666666664,78.6836256547012,0.0,0.7866666666666666,138.648865088918,0.0
0.48,False,False,42.265594241789834,21.645198271475856,0.20666666666666667,66.23604775352985,0.7085591214574884,0.7733333333333333,136.8755270907876,0.0
0.49,False,False,43.07877651689542,22.238109585589243,0.17333333333333334,65.33969507746967,0.6190629302164402,0.74,146.88498869053814,0.0
0.44,False,False,45.754632351988356,23.41746252757896,0.21333333333333335,90.90906606229936,0.0,0.82,137.9415530844992,0.0
0.41,False,False,43.40562228340542,22.869765385711005,0.21333333333333335,73.16710514313456,0.0,0.78,142.4403534633223,0.0
0.44,False,False,45.251652870665566,22.237337936901454,0.20666666666666667,79.10592004566989,0.0,0.76,114.94091137283333,0.0
0.36,False,False,46.58348737800236,24.937895235613293,0.34,112.5850411842669,0.7485113597748206,0.7266666666666667,115.44430997863456,0.0
0.34,False,False,42.77202957422714,22.60782456796354,0.25333333333333335,99.56473198553415,0.0,0.74,134.1888150092036,0.0
0.43,False,False,43.83331135882795,23.23138731243533,0.16666666666666666,64.20513016901143,0.0,0.7333333333333333,149.7632415323482,0.0
0.47,False,False,44.45696166673572,23.64975277941955,0.18666666666666668,89.19317860135429,0.0,0.78,131.46969732242331,0.0
0.65,True,True,44.09014296059193,23.99631613871176,0.23333333333333334,82.0602071458781,0.0,0.68,127.20809134826938,0.0
0.76,True,True,44.55523513992636,25.542006647429027,0.21333333333333335,93.33262076633285,0.8482403267056822,0.68,135.30669908222868,0.0
0.58,False,True,47.34672119966443,25.02289943337952,0.29333333333333333,91.26518559823971,0.0,0.84,161.93978275788038,0.0
0.52,False,True,41.53204230207188,22.119673460279465,0.18,74.87135725243948,0.0,0.7066666666666667,136.8767838130024,0.0
0.55,False,True,42.875484865154455,23.92242712744471,0.12,82.5440416891193,0.0,0.7266666666666667,130.17252809383334,0.0
0.55,False,True,45.65207414677363,24.31299235676603,0.2733333333333333,80.58179547012882,0.0,0.74,145.84660607168834,0.0
0.66,True,True,42.62651542471914,25.290628050572955,0.18666666666666668,87.50915849017025,0.0,0.5866666666666667,140.21194976132932,0.0
0.46,False,False,43.42386459258903,22.820635729842657,0.23333333333333334,73.43812339473814,0.0,0.6733333333333333,127.3380825897081,0.0
0.41,False,False,41.10117178833956,22.115061826807917,0.06,80.6656702834198,0.0,0.7533333333333333,130.68567617394032,0.0
0.73,True,True,43.32939451570563,26.52474513502404,0.15333333333333332,70.73297636792316,0.0,0.6666666666666666,186.3608031806709,0.0
0.7,True,True,44.53623570254331,24.246517658810653,0.29333333333333333,87.36856368296448,0.0,0.66,131.7312817381013,0.0
0.71,True,True,45.46412657940569,25.855387284929026,0.25333333333333335,101.10305204150141,0.0,0.6666666666666666,143.01363609069065,0.0
0.68,True,True,43.853406125543344,24.283281382855463,0.22,79.05155512320223,0.0,0.6266666666666667,150.00161650338347,0.0
0.42,False,False,46.7510915423759,22.956270337786847,0.28,68.42610628181801,0.0,0.8133333333333334,138.64900849348928,0.0
0.62,True,True,43.215838598271795,24.650675317332837,0.21333333333333335,82.09520484346443,0.0,0.78,166.9657845817537,0.0
0.55,False,True,45.43626460532252,24.44038422200919,0.26,100.74541522531221,0.0,0.7266666666666667,139.8506891781021,0.0
0.55,False,True,47.99699578266175,24.731160698428553,0.42,80.14747276952676,0.0,0.7266666666666667,132.17609835680182,0.0
0.57,False,True,43.90586536781833,24.624197555024892,0.16666666666666666,91.26535165391903,0.0,0.7666666666666667,139.80944999899177,0.0
0.47,False,False,44.10211807230344,23.57440034411568,0.18,102.68159748964047,0.0,0.7533333333333333,116.60641885499108,0.0
0.55,False,True,47.40266581358335,24.5436446196909,0.30666666666666664,77.99117474959925,0.0,0.7533333333333333,156.989443212042,0.0
0.55,False,True,47.30181948136436,24.945644843217963,0.32666666666666666,76.85818204541233,0.0,0.7266666666666667,149.9566573527789,0.0
0.66,True,True,42.38578860844292,24.766951641223848,0.10666666666666667,85.99958560161778,0.0,0.6333333333333333,135.0308805363697,0.0
0.57,False,True,47.90105345090354,24.23911098354573,0.18666666666666668,80.0525917531751,0.0,0.7666666666666667,141.08578864048636,0.0
0.48,False,False,44.14387980119459,22.960025007971574,0.34,89.54549618608505,0.0,0.7066666666666667,138.56303545009507,0.0
0.75,True,True,44.28223717901335,23.753009564977482,0.28,93.88004309412051,0.0,0.6666666666666666,178.4083196374978,0.0
0.52,False,True,40.87981744159417,22.63601891303017,0.16,65.46233350835972,0.0,0.6933333333333334,131.03517180571706,0.0
0.55,False,True,43.38270185765726,23.328538879241215,0.2,81.07482796850047,0.0,0.7133333333333334,131.28844767629857,0.0
0.44,False,False,50.07682919902349,27.904544714980453,0.32,150.388715654044,0.0,0.7466666666666667,188.2202318089142,0.0
0.32,False,False,45.29234965386282,22.897736800944315,0.22666666666666666,108.0255136820915,0.0,0.7733333333333333,131.44445852445978,0.0
0.73,True,True,42.10598107654418,24.041608294474962,0.16666666666666666,75.1875614256719,0.0,0.6733333333333333,222.51697605375017,0.0
0.55,False,True,44.875686856264494,24.67912304959145,0.4,85.3204868176565,0.0,0.7333333333333333,144.4565082638316,0.0
0.65,True,True,43.93681399170687,23.903812226233352,0.2733333333333333,88.3087679649826,0.0,0.66,141.35670532240158,0.0
0.41,False,False,42.55438934079929,22.578018838536366,0.14666666666666667,71.46346573208378,0.0,0.7266666666666667,129.9993201025387,0.0
0.53,False,True,44.27808997553139,22.98015420980905,0.32,75.20246241580894,0.0,0.6666666666666666,139.64037703684176,0.0
0.52,False,True,42.84984947793952,21.725773619217406,0.2,82.80174748828757,0.0,0.6666666666666666,117.09856812510291,0.0
0.66,True,True,42.484280856350566,24.381415598244498,0.18666666666666668,88.51357813220301,0.0,0.6533333333333333,143.6568495812243,0.0
0.72,True,True,42.77108420898256,24.512112366701828,0.14666666666666667,81.75771973062612,0.0,0.72,163.73823377761744,0.0
0.57,False,True,44.062648995129024,25.02027064038753,0.18666666666666668,92.71331004415417,0.0,0.7666666666666667,147.74865765456119,0.0
0.39,False,False,43.85025729991165,23.104199328319616,0.24666666666666667,79.67633397162842,0.0,0.82,166.9499791555498,0.0
0.56,False,True,42.28520822581568,23.659211559981266,0.15333333333333332,70.8871343838261,0.0,0.5866666666666667,124.34165688469541,0.0
0.34,False,False,42.56998875063531,21.691133448202827,0.25333333333333335,77.30807060120583,0.0,0.7933333333333333,143.8903803580708,0.0
0.68,True,True,45.00474800862553,23.774203057192814,0.29333333333333333,71.9958000662608,0.0,0.68,139.94850298151883,0.0
0.77,True,True,44.83509343105909,26.316968795304952,0.19333333333333333,90.31377371558949,0.0,0.66,164.99677920194358,0.0
0.44,False,False,45.26775942711435,23.014822890897577,0.20666666666666667,80.04568163220607,0.0,0.74,130.35515141125987,0.0
0.79,True,True,45.80551750090086,25.786541169199058,0.2733333333333333,79.73271528675525,0.0,0.68,171.5392838091276,0.0
0.54,False,True,44.33007374048842,22.849502507092744,0.38666666666666666,97.83971906434822,0.0,0.7,133.41887373490863,0.0
0.58,False,True,45.70287694549027,25.896691559542802,0.2733333333333333,83.07492158295085,0.0,0.7333333333333333,162.59427678273846,0.0
0.69,True,True,44.61466256737147,24.940788192504804,0.19333333333333333,72.71367690742272,0.0,0.68,148.07606113387249,0.0
0.6,True,True,42.880748046509545,25.94944667586656,0.24,102.41908023692217,0.0,0.6533333333333333,153.08650480437123,0.0
0.41,False,False,43.177582630050026,23.38442016546317,0.18,88.36285464083996,0.0,0.7466666666666667,139.02578455288412,0.0
0.58,False,True,44.51629321394586,23.460952854386562,0.32666666666666666,85.09682806446246,0.0,0.6866666666666666,148.65908251826696,0.0
0.44,False,False,44.847182873408556,22.52410100238623,0.21333333333333335,71.47102106550936,0.0,0.8066666666666666,152.33086048949687,0.0
0.54,False,True,44.655257154298205,23.82403840646031,0.19333333333333333,69.65438691291544,0.0,0.7533333333333333,135.9188370668627,0.0
0.51,False,True,45.06052993099043,23.950036684334915,0.24,73.1446919104896,0.0,0.7533333333333333,133.38854223287615,0.0
0.77,True,True,43.86280726636791,25.257549029015863,0.16666666666666666,106.36101843433102,0.8009270272021368,0.7133333333333334,144.44346358120114,0.0
0.47,False,False,42.922956455269755,22.74875633579171,0.26,85.7004002569693,0.0,0.6333333333333333,145.66987019967257,0.0
0.65,True,True,45.81539977943862,23.6954348539681,0.24666666666666667,77.41341345347513,0.0,0.7133333333333334,140.4034025521301,0.0
